android_id,time_stamp,x,y,z,notes,height,weight
cc6b0ef12a58def2,1428359042782,-0.6607997,8.341399,5.631162,test,82,200
cc6b0ef12a58def2,1428359042804,-0.1340753,8.322245,5.9759274,test,82,200
cc6b0ef12a58def2,1428359042866,-0.21068975,8.322245,5.947197,test,82,200
cc6b0ef12a58def2,1428359042909,-0.36391866,8.322245,5.90889,test,82,200
cc6b0ef12a58def2,1428359042932,-0.2777274,8.341399,5.841852,test,82,200
cc6b0ef12a58def2,1428359042967,-0.33518824,8.283937,5.9663506,test,82,200
cc6b0ef12a58def2,1428359043000,-0.25857377,8.360553,5.851429,test,82,200
cc6b0ef12a58def2,1428359043033,-0.31603462,8.226477,6.0525417,test,82,200
